x,y,z,vx,vy,vz,theta1,theta2,u1,u2,u3,ox_1,oy_1,oz_1,ox_2,oy_2,oz_2,ox_3,oy_3,oz_3,ox_4,oy_4,oz_4,ox_5,oy_5,oz_5,ox_6,oy_6,oz_6,ox_7,oy_7,oz_7,ox_8,oy_8,oz_8
17.587299105005915,4.994949995981619,16.831549818625835,0.005752550242729067,-0.0006078834981191879,-0.034345573996438165,-0.002944386325858264,-0.0239168325096756,0.022312079,-0.3068131,-0.39398193,18.174829494026895,4.996081405930253,17.67109948811586,19.66034018413642,5.553237119279686,17.69872934828526,19.946983341869753,6.323918939490976,17.48751417909053,17.031049718551554,7.81807576779131,16.703917549944947,19.96636421374157,6.096478249827843,18.090154111756178,19.200619430551672,3.827279632830489,18.98244626403527,15.937624677269813,7.614148215163161,17.519106801007418,17.316422696134083,6.948104165522297,14.249249938994756
